DATOS,PAÍS,ODS,INDICADOR ODS,TIPO DE FUENTE,FUENTE,MÉTODO DE RECOLECCIÓN,OBJETIVO DE LOS DATOS,LEGISLACIÓN RECOLECCIÓN,LEGISLACIÓN CONFIDENCIALIDAD,LEGISLACIÓN RESTRICCIÓN DE COMERCIALIZACIÓN,VARIABLES,INFORMACIÓN GENERADA,DESAGREGACIÓN GEOGRÁFICA,DISPONIBLE EN LÍNEA,FORMATO DEL ARCHIVO,DISPONIBLE EN,FECHA DE CONSULTA,"PERIODICIDAD DE 
 DIFUSIÓN",ÚLTIMA PUBLICACIÓN,CATEGORIAS USUARIOS,USUARIOS DE LA INFORMACIÓN,OBSERVACIONES,CONSULTADO EN
ENCUESTA NACIONAL DE HOGARES (ENH),MÉXICO,1 FIN DE LA POBREZA,PROPORCIÓN DE LA POBLACIÓN QUE VIVE EN HOGARES CON ACCESO A SERVICIOS BÁSICOS,SECTOR PÚBLICO,INSTITUTO NACIONAL DE ESTADÍSTICA Y GEOGRAFÍA (INEGI),ENCUESTA POR MUESTREO,"La Encuesta Nacional de los Hogares (ENH) se realiza con el propósito de conocer las características de las viviendas; datos sociodemográficos acerca de los integrantes del hogar, su ocupación, educación y su percepción sobre su estado de salud; así como la disponibilidad de bienes y servicios de tecnologías de la información y las comunicaciones en los hogares. A su vez, permite alimentar las cuentas satélites del Sistema de Cuentas Nacionales de México",,,,Tipo de vivienda* Asistencia escolar*Nivel de instrucción*Conexión de WIFI*Estrato socioeconómico*Número de trabajos,Condición de asistencia a la escuela*Tipo de vivienda*Disponibilidad de agua en la vivienda*Hacinamiento,Entidad federativa,SI,CSV,http://www.beta.inegi.org.mx/proyectos/enchogares/regulares/enh/2015/default.html,18/07/2016,ANUAL,,ACADEMIA,Universidades y centros de investigación,,
ENCUESTA NACIONAL DE HOGARES (ENH),MÉXICO,1 FIN DE LA POBREZA,PROPORCIÓN DE LA POBLACIÓN QUE VIVE EN HOGARES CON ACCESO A SERVICIOS BÁSICOS,SECTOR PÚBLICO,INSTITUTO NACIONAL DE ESTADÍSTICA Y GEOGRAFÍA (INEGI),ENCUESTA POR MUESTREO,"La Encuesta Nacional de los Hogares (ENH) se realiza con el propósito de conocer las características de las viviendas; datos sociodemográficos acerca de los integrantes del hogar, su ocupación, educación y su percepción sobre su estado de salud; así como la disponibilidad de bienes y servicios de tecnologías de la información y las comunicaciones en los hogares. A su vez, permite alimentar las cuentas satélites del Sistema de Cuentas Nacionales de México",,,,Tipo de vivienda* Asistencia escolar*Nivel de instrucción*Conexión de WIFI*Estrato socioeconómico*Número de trabajos,Condición de asistencia a la escuela*Tipo de vivienda*Disponibilidad de agua en la vivienda*Hacinamiento,Entidad federativa,SI,CSV,http://www.beta.inegi.org.mx/proyectos/enchogares/regulares/enh/2015/default.html,18/07/2016,ANUAL,,GOBIERNO,Secretaría de desarrollo social*Secretaria de trabajo y previsión social*Secretaría de educación pública*Secretaría de salud,,
ENCUESTA NACIONAL DE HOGARES (ENH),MÉXICO,1 FIN DE LA POBREZA,PROPORCIÓN DE LA POBLACIÓN QUE VIVE EN HOGARES CON ACCESO A SERVICIOS BÁSICOS,SECTOR PÚBLICO,INSTITUTO NACIONAL DE ESTADÍSTICA Y GEOGRAFÍA (INEGI),ENCUESTA POR MUESTREO,"La Encuesta Nacional de los Hogares (ENH) se realiza con el propósito de conocer las características de las viviendas; datos sociodemográficos acerca de los integrantes del hogar, su ocupación, educación y su percepción sobre su estado de salud; así como la disponibilidad de bienes y servicios de tecnologías de la información y las comunicaciones en los hogares. A su vez, permite alimentar las cuentas satélites del Sistema de Cuentas Nacionales de México",,,,Tipo de vivienda* Asistencia escolar*Nivel de instrucción*Conexión de WIFI*Estrato socioeconómico*Número de trabajos,Condición de asistencia a la escuela*Tipo de vivienda*Disponibilidad de agua en la vivienda*Hacinamiento,Entidad federativa,SI,CSV,http://www.beta.inegi.org.mx/proyectos/enchogares/regulares/enh/2015/default.html,18/07/2016,ANUAL,,FILANTROPÍA,Fundación Carlos Slim,,
"ENCUESTA NACIONAL DE OCUPACIÓN Y EMPLEO (ENOE), POBLACIÓN DE 15 AÑOS Y MÁS DE EDAD",MÉXICO,8 TRABAJO DECENTE Y CRECIMIENTO ECONÓMICO,,SECTOR PÚBLICO,INSTITUTO NACIONAL DE ESTADÍSTICA Y GEOGRAFÍA (INEGI),ENCUESTA POR MUESTREO,"La ENOE tiene como objetivo obtener información estadística sobre las características ocupacionales de la población a nivel nacional, así como otras variables demográficas y económicas que permitan profundizar en el análisis de los aspectos laborales.",,,,Localidad*Municipio*Estrato*Sexo*Edad*Día de nacimiento*Población ocupada por posición en la ocupación*Clasificación de la población en PEA y PNEA*Población ocupada por duración de la jornada*Ocupación ocupada por prestaciones de salud,Ocupación informal por posición en la ocupación*Ocupados en unidades económicas del sector informal por posición en la ocupación*Ocupación informal*Nivel de instrucción por ocupación formal e informal*Composición porcentual ocupacional por sexo y sector formal e informal*Ocupación por sector de actividad económica*Ocupación formal e informal por nivel de ingresos*Tasa de ocupación en el sector informal,NACIONAL,SI,CSV,http://www.inegi.org.mx/,27/07/2016,TRIMESTRAL,,,,,
FINANZAS PÚBLICAS ESTATALES Y MUNICIPALES,MÉXICO,"16 PAZ, JUSTICIA E INSTITUCIONES SÓLIDAS",,SECTOR PÚBLICO,INSTITUTO NACIONAL DE ESTADÍSTICA Y GEOGRAFÍA (INEGI),REGISTRO ADMINISTRATIVO,"Generar información estadística relativa al origen y aplicación de los recursos financieros de los gobiernos estatales y municipales, con el fin de mostrar el comportamiento de los gobiernos en los ámbitos económico y social, contribuyendo a la transparencia de la acción pública, así como coadyuvar en la toma de decisiones en materia de política fiscal y financiera.",,,,Impuestos*Ingresos brutos*Derechos*Productos*Participaciones federales*Aportaciones federales*Financiamiento*Otros ingresos*Egresos brutos*Egresos netos*Transferencias*Servicios generales*Subsidios*Inversión financiera,Ingresos y egresos por entidad federativa*Ingresos y egresos brutos de los municipios por estado*Ingresos brutos del Gobierno de la ciudad de México,NACIONAL,SI,CSV,http://www.inegi.org.mx/,27/07/2016,ANUAL,,,,Pendiente revisar usuarios,
ENCUESTA NACIONAL SOBRE SALUD Y ENVEJECIMIENTO EN MÉXICO (ENASEM) 2012,MÉXICO,3 SALUD Y BIENESTAR,,SECTOR PÚBLICO,INSTITUTO NACIONAL DE ESTADÍSTICA Y GEOGRAFÍA (INEGI),ENCUESTA POR MUESTREO,"La ENASEM tiene el propósito de actualizar la información estadística recabada en los levantamientos anteriores (2001-2003), realizados con la colaboración de investigadores de las Universidades de Pennsylvania, Maryland y Wisconsin, EE.UU., sobre la población de 50 años y más en México, para que permita evaluar el proceso de envejecimiento, el impacto de las enfermedades y la discapacidad, en la realización de sus actividades.",,,,Historia laboral*Ocupación*Posición en el trabajo*Reportes de condiciones de salud*Estado funcional*desempeño en lectura y estado cognitivo,"Características sociodemográficas de los sujetos de estudio*Medidas de salud, estado funcional, estilo de vida, depresión y estado cognitivo*Atributos demográficos de los hijos*Historial migratorio*Ayuda en dinero o especie otorgado y recibido de familiares*Datos económicos, ingresos laborales, pensiones y valor de bienes inmobiliarios y financieros*Historia laboral, ocupación, posición en el trabajo y lugar de trabajo actual*Características de la vivienda*Impresiones personales sobre salud, estado económico individual, poder de decisión y nivel de ayuda familiar*Viudez e información acerca del último año de vida de los entrevistados fallecidos",NACIONAL,SI,CSV,http://www.inegi.org.mx/,29/07/2016,NO ESTABLECIDO,,,,Pendiente revisar usuarios,
ENCUESTA NACIONAL SOBRE DISPONIBILIDAD Y USO DE LAS TECNOLOGÍAS DE LA INFORMACIÓN EN LOS HOGARES (ENDUTIH 2015),MÉXICO,"9 INDUSTRIA, INNOVACIÓN E INFRAESTRUCTURA",,SECTOR PÚBLICO,INSTITUTO NACIONAL DE ESTADÍSTICA Y GEOGRAFÍA (INEGI),ENCUESTA POR MUESTREO,Generar información estadística que permita conocer situación de disponibilidad y el uso de las TIC en los hogares y por los individuos de seis y más años de edad en México.,,,,"Número de habitantes del hogar*Nivel de instrucción de los habitantes*Condición de ocupación de los habitantes*Condición de disponibilidad en el hogar de línea telefónica fi ja
en el hogar*Condición de disponibilidad de computadora en el hogar*Condición de disponibilidad de acceso a Internet en el hogar*Medio de conexión de la computadora a Internet*Cantidad de usuarios de computadora, Internet y teléfono
celular","Disponibilidad de TIC en los hogares*Penetración de tecnologías seleccionadas*Hogar con TV, por tipo de tecnología*Hogares sin computadora por principales razones*Usuarios de TIC en México","ENTIDAD FEDERATIVA: 2010-2011, Y 2013-2015*AGREGADO DE 32 CIUDADES: 2015",SI,CSV,http://www.inegi.org.mx/,29/07/2016,NO ESTABLECIDO,,,,Pendiente revisar usuarios,
CENSO NACIONAL DE IMPARTICIÓN DE JUSTICIA ESTATAL,MÉXICO,"16 PAZ, JUSTICIA E INSTITUCIONES SÓLIDAS",,SECTOR PÚBLICO,INSTITUTO NACIONAL DE ESTADÍSTICA Y GEOGRAFÍA (INEGI),CENSO,"Solicitar, recopilar y difundir información estadística y geográfica de los órganos jurisdiccionales y administrativos, así como de las instituciones que integran a los Poderes Judiciales de las Entidades Federativas en su función de impartición de justicia, a efecto de que dicha información se vincule con el quehacer gubernamental dentro del proceso de diseño, implementación, monitoreo y evaluación de las políticas públicas de alcance nacional en la materia de impartición de justicia.",,,,,,,SI,CSV,http://www.inegi.org.mx/est/contenidos/proyectos/censosgobierno/cng2011pje_ij/default.aspx,29/07/2016,ANUAL,2011,,,,http://www.inegi.org.mx/est/contenidos/proyectos/censosgobierno/cng2011pje_ij/default.aspx
CENSOS ECONÓMICOS 2014,MÉXICO,8 TRABAJO DECENTE Y CRECIMIENTO ECONÓMICO,,SECTOR PÚBLICO,INSTITUTO NACIONAL DE ESTADÍSTICA Y GEOGRAFÍA (INEGI),CENSO,"Obtener información estadística básica y actualizada, referida al año 2013, sobre los establecimientos productores de bienes, comercializadores de mercancías y prestadores de servicios, para generar indicadores económicos de México a un gran nivel de detalle geográfico, sectorial y temático.",,,,,,,SI,CSV,http://www.inegi.org.mx/est/contenidos/proyectos/ce/ce2014/default.aspx,29/07/2016,NO ESTABLECIDO,2014,,,,http://www.inegi.org.mx/est/contenidos/proyectos/ce/ce2014/default.aspx
ENCUESTA ANUAL DE EMPRESAS CONSTRUCTORAS (EAEC),MÉXICO,"9 INDUSTRIA, INNOVACIÓN E INFRAESTRUCTURA",,SECTOR PÚBLICO,INSTITUTO NACIONAL DE ESTADÍSTICA Y GEOGRAFÍA (INEGI),ENCUESTA POR MUESTREO,"La Encuesta Anual para Empresas Constructoras (EAEC) se realiza para generar información estadística confiable que permita elaborar una serie de indicadores económicos con el propósito de conocer la evolución, comportamiento y estructura del sector, así como para evaluar los cambios que se presentan a través del tiempo incrementando el acervo históricoestadístico
del sector. ",,,,,,,SI,CSV,http://www.inegi.org.mx/est/contenidos/Proyectos/encuestas/establecimientos/secundario/eaec/default.aspx,01/08/2016,ANUAL,2014,,,,http://www.inegi.org.mx/est/contenidos/Proyectos/encuestas/establecimientos/secundario/eaec/default.aspx
ENCUESTA NACIONAL DE EMPLEO Y CAPACITACIÓN DEL SECTOR TURISMO,MÉXICO,8 TRABAJO DECENTE Y CRECIMIENTO ECONÓMICO,,SECTOR PÚBLICO,INSTITUTO NACIONAL DE ESTADÍSTICA Y GEOGRAFÍA (INEGI),ENCUESTA POR MUESTREO," 
Generar estadísticas sobre las principales características de la población ocupada en el sector turismo.",,,,,,,SI,CSV,http://www.inegi.org.mx/est/contenidos/espanol/proyectos/metadatos/encuestas/enecst_236.asp?s=est&c=10631,01/08/2016,NO ESTABLECIDO,1993,,,,http://www.inegi.org.mx/est/contenidos/espanol/proyectos/metadatos/encuestas/enecst_236.asp?s=est&c=10631
"ENCUESTA NACIONAL DE EMPLEO, SALARIOS, TECNOLOGÍA Y CAPACITACIÓN EN EL SECTOR MANUFACTURERO",MÉXICO,8 TRABAJO DECENTE Y CRECIMIENTO ECONÓMICO,,SECTOR PÚBLICO,INSTITUTO NACIONAL DE ESTADÍSTICA Y GEOGRAFÍA (INEGI),ENCUESTA POR MUESTREO,"Generar información estadística, que permita medir el impacto de la transformación estructural en el ámbito productivo, el empleo, las remuneraciones, las nuevas formas de contratación de personal y la formación de los recursos humanos, a fin de contar con elementos que incidan en el diseño de una política laboral eficaz para el sector.",,,,,,,SI,CSV,http://www.inegi.org.mx/est/contenidos/espanol/proyectos/metadatos/encuestas/enestcsm_235.asp?s=est&c=10627,01/08/2016,NO ESTABLECIDO,2010,,,,http://www.inegi.org.mx/est/contenidos/espanol/proyectos/metadatos/encuestas/enestcsm_235.asp?s=est&c=10627
ENCUESTA ANUAL DE TRANSPORTE (EAT),MÉXICO,11 CIUDADES Y COMUNIDADES SOSTENIBLES,,SECTOR PÚBLICO,INSTITUTO NACIONAL DE ESTADÍSTICA Y GEOGRAFÍA (INEGI),ENCUESTA POR MUESTREO,Generar estadísticas que permitan caracterizar aspectos básicos del sector transportes.,,,,,,,SI,CSV,http://www.inegi.org.mx/est/contenidos/Proyectos/encuestas/establecimientos/terciario/eat/default.aspx,01/08/2016,ANUAL,2016,,,,http://www.inegi.org.mx/est/contenidos/Proyectos/encuestas/establecimientos/terciario/eat/default.aspx
ENCUESTA SOBRE TECNOLOGÍAS DE LA INFORMACIÓN Y LAS COMUNICACIONES (ENTIC 2013),MÉXICO,"9 INDUSTRIA, INNOVACIÓN E INFRAESTRUCTURA",,SECTOR PÚBLICO,INSTITUTO NACIONAL DE ESTADÍSTICA Y GEOGRAFÍA (INEGI),ENCUESTA POR MUESTREO,"La Encuesta sobre Tecnologías de la Información y las Comunicaciones tiene como objetivo obtener información relacionada con los recursos humanos, financieros y de infraestructura que las empresas del sector privado destinan en la utilización de las tecnologías de la información, que permita generar estadísticas e indicadores que apoyen el diseño de políticas públicas para el desarrollo del sector productivo relacionado con estas tecnologías.",,,,,,,SI,CSV,http://www.inegi.org.mx/est/contenidos/proyectos/encuestas/establecimientos/otras/entic/default.aspx,02/08/2016,NO ESTABLECIDO,2013,,,,http://www.inegi.org.mx/est/contenidos/proyectos/encuestas/establecimientos/otras/entic/default.aspx
ENCUESTA NACIONAL DE INCLUSIÓN FINANCIERA (ENIF),MÉXICO,8 TRABAJO DECENTE Y CRECIMIENTO ECONÓMICO,,SECTOR PÚBLICO,INSTITUTO NACIONAL DE ESTADÍSTICA Y GEOGRAFÍA (INEGI),ENCUESTA POR MUESTREO,Proporcionar información que permita diseñar políticas públicas en materia de uso y acceso a servicios y productos financieros con la que se generen indicadores oficiales a nivel nacional que permitan a las dependencias públicas el diagnóstico y establecimiento de metas a corto y largo plazo.,,,,,,,SI,CSV,http://www.inegi.org.mx/est/contenidos/proyectos/encuestas/hogares/especiales/enif/default.aspx,02/08/2016,TRIANUAL,2015,,,,http://www.inegi.org.mx/est/contenidos/proyectos/encuestas/hogares/especiales/enif/default.aspx
ENCUESTA NACIONAL DE CONSUMO CULTURAL DE MÉXICO (ENCCUM),MÉXICO,11 CIUDADES Y COMUNIDADES SOSTENIBLES,,SECTOR PÚBLICO,INSTITUTO NACIONAL DE ESTADÍSTICA Y GEOGRAFÍA (INEGI),ENCUESTA POR MUESTREO,Obtener información sobre los gastos realizados por los integrantes de los hogares en distintos aspectos del ámbito cultural para proporcionar una visión cuantitativa de los aspectos económicos asociados a la cultura en México.,,,,,,,SI,CSV,http://www.inegi.org.mx/est/contenidos/proyectos/encuestas/hogares/especiales/enccum/2012/default.aspx,02/08/2016,NO ESTABLECIDO,2012,,,,http://www.inegi.org.mx/est/contenidos/proyectos/encuestas/hogares/especiales/enccum/2012/default.aspx
ENCUESTA NACIONAL SOBRE USO DEL TIEMPO,MÉXICO,5 IGUALDAD DE GÉNERO,,SECTOR PÚBLICO,INSTITUTO NACIONAL DE ESTADÍSTICA Y GEOGRAFÍA (INEGI),ENCUESTA POR MUESTREO,"Proporcionar información estadística necesaria para la medición de todas las formas de trabajo de los individuos, tanto remunerado como no remunerado, y hacer visible la importancia de la producción doméstica y su contribución a la economía.",,,,,,,SI,CSV,http://www.inegi.org.mx/est/contenidos/proyectos/encuestas/hogares/especiales/enut/enut2014/default.aspx,03/08/2016,NO ESTABLECIDO,2014,,,,http://www.inegi.org.mx/est/contenidos/proyectos/encuestas/hogares/especiales/enut/enut2014/default.aspx
ENCUESTA NACIONAL SOBRE USO DEL TIEMPO,MÉXICO,8 TRABAJO DECENTE Y CRECIMIENTO ECONÓMICO,,SECTOR PÚBLICO,INSTITUTO NACIONAL DE ESTADÍSTICA Y GEOGRAFÍA (INEGI),ENCUESTA POR MUESTREO,"Proporcionar información estadística necesaria para la medición de todas las formas de trabajo de los individuos, tanto remunerado como no remunerado, y hacer visible la importancia de la producción doméstica y su contribución a la economía.",,,,,,,SI,CSV,http://www.inegi.org.mx/est/contenidos/proyectos/encuestas/hogares/especiales/enut/enut2014/default.aspx,03/08/2016,NO ESTABLECIDO,2014,,,,http://www.inegi.org.mx/est/contenidos/proyectos/encuestas/hogares/especiales/enut/enut2014/default.aspx
ENCUESTA NACIONAL DE SEGURIDAD PÚBLICA URBANA,MÉXICO,"16 PAZ, JUSTICIA E INSTITUCIONES SÓLIDAS",,SECTOR PÚBLICO,INSTITUTO NACIONAL DE ESTADÍSTICA Y GEOGRAFÍA (INEGI),ENCUESTA POR MUESTREO,"Obtener información que permita realizar estimaciones con representatividad a nivel
nacional sobre la percepción de la población sobre la seguridad pública en su ciudad. Se
busca proporcionar información al público en general y proveer elementos para la toma
de decisiones de política pública en materia de seguridad. ",,,,,,,SI,CSV,http://www.beta.inegi.org.mx/proyectos/enchogares/regulares/ensu/,03/08/2016,TRIMESTRAL,jun.-16,,,,http://www.beta.inegi.org.mx/proyectos/enchogares/regulares/ensu/
ENCUESTA NACIONAL DE SEGURIDAD PÚBLICA URBANA,MÉXICO,11 CIUDADES Y COMUNIDADES SOSTENIBLES,,SECTOR PÚBLICO,INSTITUTO NACIONAL DE ESTADÍSTICA Y GEOGRAFÍA (INEGI),ENCUESTA POR MUESTREO,"Obtener información que permita realizar estimaciones con representatividad a nivel
nacional sobre la percepción de la población sobre la seguridad pública en su ciudad. Se
busca proporcionar información al público en general y proveer elementos para la toma
de decisiones de política pública en materia de seguridad. ",,,,,,,SI,CSV,http://www.beta.inegi.org.mx/proyectos/enchogares/regulares/ensu/,03/08/2016,TRIMESTRAL,jun.-16,,,,http://www.beta.inegi.org.mx/proyectos/enchogares/regulares/ensu/
ENCUESTA NACIONAL DE VICTIMIZACIÓN Y PERCEPCIÓN SOBRE SEGURIDAD PÚBLICA (ENVIPE),MÉXICO,"16 PAZ, JUSTICIA E INSTITUCIONES SÓLIDAS",,SECTOR PÚBLICO,INSTITUTO NACIONAL DE ESTADÍSTICA Y GEOGRAFÍA (INEGI),ENCUESTA POR MUESTREO,"Obtener información con representatividad a nivel nacional y estatal que permita realizar estimaciones de la prevalencia delictiva que afectó a los hogares durante 2014, los niveles de incidencia delictiva y cifra negra. Asimismo, se busca obtener información sobre la percepción de la seguridad pública, así como el desempeño de las instituciones a cargo de la seguridad pública y la justicia. También se recaba información sobre las características del delito, el contexto de la victimización y el impacto económico y social del delito. Esto con el fin de proveer información al público en general y generar elementos para la toma de decisiones de política pública en estas materias.",,,,,,,SI,CSV,http://www.inegi.org.mx/est/contenidos/proyectos/encuestas/hogares/regulares/envipe/default.aspx,03/08/2016,ANUAL,2015,,,,http://www.inegi.org.mx/est/contenidos/proyectos/encuestas/hogares/regulares/envipe/default.aspx
ENCUESTA NACIONAL DE VICTIMIZACIÓN Y PERCEPCIÓN SOBRE SEGURIDAD PÚBLICA (ENVIPE),MÉXICO,11 CIUDADES Y COMUNIDADES SOSTENIBLES,,SECTOR PÚBLICO,INSTITUTO NACIONAL DE ESTADÍSTICA Y GEOGRAFÍA (INEGI),ENCUESTA POR MUESTREO,"Obtener información con representatividad a nivel nacional y estatal que permita realizar estimaciones de la prevalencia delictiva que afectó a los hogares durante 2014, los niveles de incidencia delictiva y cifra negra. Asimismo, se busca obtener información sobre la percepción de la seguridad pública, así como el desempeño de las instituciones a cargo de la seguridad pública y la justicia. También se recaba información sobre las características del delito, el contexto de la victimización y el impacto económico y social del delito. Esto con el fin de proveer información al público en general y generar elementos para la toma de decisiones de política pública en estas materias.",,,,,,,SI,CSV,http://www.inegi.org.mx/est/contenidos/proyectos/encuestas/hogares/regulares/envipe/default.aspx,04/08/2016,ANUAL,2015,,,,http://www.inegi.org.mx/est/contenidos/proyectos/encuestas/hogares/regulares/envipe/default.aspx
ENCUESTA NACIONAL DE INGRESOS Y GASTOS DE LOS HOGARES,MÉXICO,1 FIN DE LA POBREZA,,SECTOR PÚBLICO,INSTITUTO NACIONAL DE ESTADÍSTICA Y GEOGRAFÍA (INEGI),ENCUESTA POR MUESTREO,"Proporcionar un panorama estadístico del comportamiento de los ingresos y gastos de los hogares en cuanto a su monto, procedencia y distribución; adicionalmente ofrece información sobre las características ocupacionales y sociodemográficas de los integrantes del hogar, así como las características de la infraestructura de la vivienda y el equipamiento del hogar.",,,,,,,SI,CSV,http://www.inegi.org.mx/est/contenidos/proyectos/encuestas/hogares/regulares/enigh/default.aspx,04/08/2016,BIANUAL,2014,,,,http://www.inegi.org.mx/est/contenidos/proyectos/encuestas/hogares/regulares/enigh/default.aspx
ENCUESTA NACIONAL DE INGRESOS Y GASTOS DE LOS HOGARES,MÉXICO,10 REDUCCIÓN DE LAS DESIGUALDADES,,SECTOR PÚBLICO,INSTITUTO NACIONAL DE ESTADÍSTICA Y GEOGRAFÍA (INEGI),ENCUESTA POR MUESTREO,"Proporcionar un panorama estadístico del comportamiento de los ingresos y gastos de los hogares en cuanto a su monto, procedencia y distribución; adicionalmente ofrece información sobre las características ocupacionales y sociodemográficas de los integrantes del hogar, así como las características de la infraestructura de la vivienda y el equipamiento del hogar.",,,,,,,SI,CSV,http://www.inegi.org.mx/est/contenidos/proyectos/encuestas/hogares/regulares/enigh/default.aspx,04/08/2016,BIANUAL,2014,,,,http://www.inegi.org.mx/est/contenidos/proyectos/encuestas/hogares/regulares/enigh/default.aspx
NÚMERO DE MUERTOS 2000-2010 POR FENÓMENOS PERTURBADORES,MÉXICO,13 ACCIÓN POR EL CLIMA,,SECTOR PÚBLICO,SECRETARÍA DE GOBIERNACIÓN,REGISTRO ADMINISTRATIVO,"Reporta con detalle la información de los recursos entregados para Programas del Gobierno Federal a través de la CONAFOR, con desglose de estado y categorías. La actualización de avances para el ejercicio vigente se realiza semanalmente.",,,,,,,SI,SHAPE,http://catalogo.datos.gob.mx/dataset/numero-de-muertos-2000-2010-por-fenomenos-perturbadores,04/08/2016,ANUAL,2010,,,,http://catalogo.datos.gob.mx/dataset/numero-de-muertos-2000-2010-por-fenomenos-perturbadores
ENCUESTA NACIONAL SOBRE NIVEL DE VIDA DE LOS HOGARES,MÉXICO,1 FIN DE LA POBREZA,,ACADEMIA,CENTRO DE INVESTIGACIÓN Y DOCENCIA Y UNIVERSIDAD IBEROAMERICANA,ENCUESTA POR MUESTREO,Proporcionar información adecuada para analizar distintas dimensiones del bienestar de la población mexicana y estudiar los cambios en dicho bienestar a través del tiempo.,,,,,,,SI,HTML,http://www.ennvih-mxfls.org/ennhiv-3.html,06/08/2016,TRIANUAL,2012,,,,
INFORME DE SECUESTRO,MÉXICO,"16 PAZ, JUSTICIA E INSTITUCIONES SÓLIDAS",,SOCIEDAD CIVIL,ALTO AL SECUESTRO,REGISTRO ADMINISTRATIVO,Generar información sobre la sitaución del secuestro en México,,,,,,,SI,PDF,http://altoalsecuestro.com.mx/estadisticas/,06/08/2016,NO ESTABLECIDO,may.-16,,,,
SISTEMA INFANTIL TELETÓN,MÉXICO,3 SALUD Y BIENESTAR,,FILANTROPÍA,FUNDACIÓN TELETÓN MÉXICO,REGISTRO ADMINISTRATIVO,"Es el sistema de rehabilitación infantil privado más grande del mundo, tiene como objetivo unificar la estructura de funcionamiento y mantener los mismos estándares de calidad en todos los centros de rehabilitación infantil.",,,,,,,NO,ND,FUNDACIÓN TELETÓN MÉXICO,06/08/2016,NO ESTABLECIDO,2015,,,Pendiente por confirmar nombre de los datos,
CALIDAD DE LOS ACTIVOS,MÉXICO,8 TRABAJO DECENTE Y CRECIMIENTO ECONÓMICO,,SECTOR PRIVADO,GENTERA,REGISTRO ADMINISTRATIVO,Proporcionar información sobre la calidad de los activos de la empresa,,,,,,,NO,ND,https://www.gentera.com.mx/wps/portal/!ut/p/c1/04_SB8K8xLLM9MSSzPy8xBz9CP0os3g_QwsTQydnA3cDXy9TA8dQb0sfYwMjw0A_U6B8JJK8e7CnM1DexNPL0dnJyMDfjIDu4NQ8_XCQnbjN8DHBLw-yA5-8gQFE3gAHcDTQ9_PIz03VL8iNqPDMDEgHAFmOU3U!/dl2/d1/L0lHSkovd0RNQUprQUVnQSEhL1lCWncvZXM!/?mosHist=1,09/08/2016,TRIMESTRAL,2015,,,,https://www.gentera.com.mx/wps/wcm/connect/?MOD=PDMProxy&TYPE=personalization&ID=NONE&KEY=NONE&LIBRARY=%2FcontentRoot%2Ficm%3Alibraries&FOLDER=%2FGrupo+Compartamos%2FMediosPrensa%2FBoletines2015%2F&DOC_NAME=%2FcontentRoot%2Ficm%3Alibraries%2FGrupo+Compartamos%2FMediosPrensa%2FBoletines2015%2FGENTERA+PR+4Q15_ESP_ok.pdf&VERSION_NAME=NONE&VERSION_DATE=NONE&IGNORE_CACHE=false&CONVERT=text/html&MUST_CONVERT=false
INFORME DE SUSTENTABILIDAD 2015,MÉXICO,12 PRODUCCIÓN Y CONSUMO RESPONSABLES,,SECTOR PRIVADO,BIO PAPPEL,REGISTRO ADMINISTRATIVO,"Reflejar el compromiso que Bio Pappel mantiene con los 10 principios del Pacto Mundial de Naciones Unidas, en materia de derechos humanos y laborales,  medio ambiente y cero tolerancia a la corrupción",,,,,,,SI,PDF,http://static.globalreporting.org/report-pdfs/2016/efb1bc4bb559192e27eb8be3e05b132c.pdf,09/08/2016,ANUAL,2015,,,,http://static.globalreporting.org/report-pdfs/2016/efb1bc4bb559192e27eb8be3e05b132c.pdf
DESARROLLO SUSTENTABLE 2014 PERSPECTIVA,MÉXICO,12 PRODUCCIÓN Y CONSUMO RESPONSABLES,,SECTOR PRIVADO,CEMEX MÉXICO,REGISTRO ADMINISTRATIVO,Presentar las acciones de la empresa orientadas a contribuir a la generación de comunidades autosustentables y productivas mediante la capacitación de sus habitantes.,,,,,,,SI,PDF,http://www.cemexmexico.com/DesarrolloSustentables/files/CEMEXMX_IDS2014.pdf,09/08/2016,ANUAL,2014,,,,http://www.cemexmexico.com/DesarrolloSustentables/files/CEMEXMX_IDS2014.pdf
PROGRAMA DE APOYO A LOS FONDOS DE ASEGURAMIENTO AGROPECUARIO,MÉXICO,2 HAMBRE CERO,,SECTOR PÚBLICO,AGROASEMEX S.A.,REGISTRO ADMINISTRATIVO,Brindar información de los beneficiarios de los apoyos que se otorgan con este programa.,,,,,,,SI,SQL SERVER,http://catalogo.datos.gob.mx/dataset/bases-de-datos-del-programa-de-apoyo-a-los-fondos-de-aseguramiento-agropecuario,12/08/2016,NO ESTABLECIDO,sep-15,,,En el catálogo de datos no especifíca algunas variables como por ejemplo el metodo de recolección,http://catalogo.datos.gob.mx/dataset/bases-de-datos-del-programa-de-apoyo-a-los-fondos-de-aseguramiento-agropecuario
CÁNCER DE LA MUJER (SICAM) CÁNCER CÉRVICO UTERINO,MÉXICO,3 SALUD Y BIENESTAR,,SECTOR PÚBLICO,CENTRO NACIONAL DE EQUIDAD DE GÉNERO Y SALUD REPRODUCTIVA,REGISTRO ADMINISTRATIVO,Brindar información generada en el tamizaje de Cáncer Cérvico Uterino en edades de 35 a 64 años,,,,,,,SI,CSV,http://catalogo.datos.gob.mx/organization/cnegsr,12/08/2016,,mar.-16,,,,http://catalogo.datos.gob.mx/organization/cnegsr
TASA DE MORTALIDAD NEONATAL 1990-2013,MÉXICO,3 SALUD Y BIENESTAR,,SECTOR PÚBLICO,SECRETARÍA DE SALUD,REGISTRO ADMINISTRATIVO,"Informar sobre el número de defunciones de niños de 0 a 27 días de edad por cada mil nacidos vivos, en el año de referencia.",,,,,,,SI,CSV,http://catalogo.datos.gob.mx/dataset/indicadores-ods/resource/ec590fd0-9b3b-436d-b7eb-9fcd54e96690,12/08/2016,,,,,,http://catalogo.datos.gob.mx/dataset/indicadores-ods/resource/ec590fd0-9b3b-436d-b7eb-9fcd54e96690
TASA DE MORTALIDAD POR VIH/SIDA,MÉXICO,3 SALUD Y BIENESTAR,,SECTOR PÚBLICO,SECRETARÍA DE SALUD,REGISTRO ADMINISTRATIVO,"Informar sobre las defunciones por VIH/SIDA en la población general, en un año específico, por cada 100 mil habitantes.",,,,,,,SI,CSV,http://catalogo.datos.gob.mx/dataset/indicadores-ods/resource/f8b792f3-2f26-4b56-b7dd-f01834c14dff,12/08/2016,,,,,,http://catalogo.datos.gob.mx/dataset/indicadores-ods/resource/f8b792f3-2f26-4b56-b7dd-f01834c14dff
PROPORCIÓN DE NACIDOS VIVOS CON BAJO PESO AL NACER,MÉXICO,3 SALUD Y BIENESTAR,,SECTOR PÚBLICO,SECRETARÍA DE SALUD,REGISTRO ADMINISTRATIVO,"Informar sobre el porcentaje de nacidos vivos con bajo peso al nacer, menor a 2500 gr con respecto al total de nacidos vivos ocurridos",,,,,,,SI,CSV,http://catalogo.datos.gob.mx/dataset/indicadores-ods/resource/e7ab370c-1191-4b67-aebe-f9c13187a9aa,12/08/2016,,,,,,http://catalogo.datos.gob.mx/dataset/indicadores-ods/resource/e7ab370c-1191-4b67-aebe-f9c13187a9aa
"CENSO DE ESCUELAS, MAESTROS Y ALUMNOS DE EDUCACIÓN BÁSICA Y ESPECIAL",MÉXICO,4 EDUCACIÓN DE CALIDAD,,SECTOR PÚBLICO,SECRETARÍA DE EDUCACIÓN,CENSO,"Presentat información sobre escuelas, maestros y alumnos en estos niveles de educacón",,,,,,,SI,CSV,http://catalogo.datos.gob.mx/dataset/censo-de-escuelas-maestros-y-alumnos-de-educacion-basica-y-especial,12/08/2016,,,,,,http://catalogo.datos.gob.mx/dataset/censo-de-escuelas-maestros-y-alumnos-de-educacion-basica-y-especial
TASA NETA DE MATRICULACIÓN POR NIVEL EDUCATIVO,MÉXICO,4 EDUCACIÓN DE CALIDAD,,SECTOR PÚBLICO,SECRETARÍA DE EDUCACIÓN,REGISTRO ADMINISTRATIVO,"Presentar el porcentaje de la matrícula contenida en el rango de edad típica para un nivel educativo, respecto a la población total de ese mismo rango de edad.",,,,,,,SI,CSV,http://catalogo.datos.gob.mx/dataset/indicadores-objetivos-de-desarrollo-sustentable/resource/67550ae9-14ac-470b-83bc-c16e76bc63a7,12/08/2016,,dic.-15,,,,http://catalogo.datos.gob.mx/dataset/indicadores-objetivos-de-desarrollo-sustentable/resource/67550ae9-14ac-470b-83bc-c16e76bc63a7
EMERGENCIAS AMBIENTALES ASOCIADAS A SUSTANCIAS QUÍMICAS,MÉXICO,15 VIDA DE ECOSISTEMAS TERRESTRES,,SECTOR PÚBLICO,PROCURADURÍA FEDERAL DE PROTECCIÓN AL MEDIO AMBIENTE,REGISTRO ADMINISTRATIVO,Registrar el número de emergencias ambientales asociadas a sustancias químicas ocurridas por entidad federativa y el número de emergencias ambientales asociadas a sustancias químicas ocurridas por tipo de emergencia.,,,,,,,SI,CSV,http://catalogo.datos.gob.mx/dataset/emergencias-ambientales-asociadas-a-sustancias-quimicas/resource/8b884469-5af3-4b8f-85dc-8bdea1ad4241,15/08/2016,,jun.-16,,,,http://catalogo.datos.gob.mx/dataset/emergencias-ambientales-asociadas-a-sustancias-quimicas/resource/8b884469-5af3-4b8f-85dc-8bdea1ad4241
SUPERFICIE REFORESTADA,MÉXICO,15 VIDA DE ECOSISTEMAS TERRESTRES,,SECTOR PÚBLICO,SECRETARÍA DE MEDIO AMBIENTE Y RECURSOS NATURALES,REGISTRO ADMINISTRATIVO,Registrar la superficie reforestada en México.,,,,Año*Tipo se superficie*Extensión(hectáreas),Año*Tipo se superficie*Extensión(hectáreas),NACIONAL,SI,CSV,http://catalogo.datos.gob.mx/dataset/indicadores-basicos-del-desempeno-ambiental--recursos-forestales/resource/082a8d39-8869-4ed4-9ac2-4404f21c6909,15/08/2016,,2014,,,El método de recolección no es confirmado,http://catalogo.datos.gob.mx/dataset/indicadores-basicos-del-desempeno-ambiental--recursos-forestales/resource/082a8d39-8869-4ed4-9ac2-4404f21c6909
ANP FEDERALES TERRESTRES,MÉXICO,15 VIDA DE ECOSISTEMAS TERRESTRES,,SECTOR PÚBLICO,SECRETARÍA DE MEDIO AMBIENTE Y RECURSOS NATURALES,REGISTRO ADMINISTRATIVO,Registrar las áreas naturales protegidas federales terrestres.,,,,Año*ANP(número)*Superficie terrestre acumulada,Año*ANP(número)*Superficie terrestre acumulada,NACIONAL,SI,CSV,http://catalogo.datos.gob.mx/dataset/indicadores-basicos-del-desempeno-ambiental--biodiversidad--terrestres/resource/2396c27e-94d0-4562-b7af-22de5cf1140d,15/08/2016,,2015,,,El método de recolección no es confirmado,http://catalogo.datos.gob.mx/dataset/indicadores-basicos-del-desempeno-ambiental--biodiversidad--terrestres/resource/2396c27e-94d0-4562-b7af-22de5cf1140d
ESPECIES TERRESTRES MEXICANAS EN RIESGO,MÉXICO,15 VIDA DE ECOSISTEMAS TERRESTRES,,SECTOR PÚBLICO,SECRETARÍA DE MEDIO AMBIENTE Y RECURSOS NATURALES,REGISTRO ADMINISTRATIVO,Registrar las especies terrestres mexicanas en riesgo.,,,,Grupo taxonómico*Especies en riesgo (número)*Especies terrestres conocidas en méxico (número)*Porcentaje del grupo en riesgo,Grupo taxonómico*Especies en riesgo (número)*Especies terrestres conocidas en méxico (número)*Porcentaje del grupo en riesgo,NACIONAL,SI,CSV,http://catalogo.datos.gob.mx/dataset/indicadores-basicos-del-desempeno-ambiental--biodiversidad--terrestres/resource/3984fc93-8d84-432f-b2fe-5c9a7d7082c5,15/08/2016,,ND,,,El método de recolección no es confirmado,http://catalogo.datos.gob.mx/dataset/indicadores-basicos-del-desempeno-ambiental--biodiversidad--terrestres/resource/3984fc93-8d84-432f-b2fe-5c9a7d7082c5
EROSIÓN DEL SUELO,MÉXICO,15 VIDA DE ECOSISTEMAS TERRESTRES,,SECTOR PÚBLICO,SECRETARÍA DE MEDIO AMBIENTE Y RECURSOS NATURALES,REGISTRO ADMINISTRATIVO,Registrar los tipos de erosión del suelo.,,,,Regrión hidrológico administrativa*Tipo de erosión*Porcentaje de la superficie,Regrión hidrológico administrativa*Tipo de erosión*Porcentaje de la superficie,NACIONAL,SI,CSV,http://catalogo.datos.gob.mx/dataset/indicadores-basicos-del-desempeno-ambiental--agua--calidad/resource/0e6cf1d1-efb9-434f-acd2-524e5be80640,15/08/2016,,ND,,,El método de recolección no es confirmado. Aclarar el tema de última publicación y última actualización,http://catalogo.datos.gob.mx/dataset/indicadores-basicos-del-desempeno-ambiental--agua--calidad/resource/0e6cf1d1-efb9-434f-acd2-524e5be80640
ACCESO A SANEAMIENTO,MÉXICO,6 AGUA LIMPIA Y SANEAMIENTO,,SECTOR PÚBLICO,SECRETARÍA DE MEDIO AMBIENTE Y RECURSOS NATURALES,REGISTRO ADMINISTRATIVO,Registrar la población con acceso a alcantarillado.,,,,,,NACIONAL,SI,CSV,http://catalogo.datos.gob.mx/dataset/indicadores-basicos-del-desempeno-ambiental--agua--calidad/resource/28baa294-09be-4345-bd57-54071813e33a,15/08/2016,QUINQUENAL,2010,,,El método de recolección no es confirmado. Aclarar el tema de última publicación y última actualización,http://catalogo.datos.gob.mx/dataset/indicadores-basicos-del-desempeno-ambiental--agua--calidad/resource/28baa294-09be-4345-bd57-54071813e33a
ACCESO AGUA POTABLE,MÉXICO,6 AGUA LIMPIA Y SANEAMIENTO,,SECTOR PÚBLICO,SECRETARÍA DE MEDIO AMBIENTE Y RECURSOS NATURALES,REGISTRO ADMINISTRATIVO,Registrar la población con acceso a agua potable.,,,,Año*Localidad*Acceso a agua potable (porcentaje),Año*Localidad*Acceso a agua potable (porcentaje),NACIONAL,SI,CSV,http://catalogo.datos.gob.mx/dataset/indicadores-basicos-del-desempeno-ambiental--agua--disponibilidad/resource/01ade014-2c0c-4f3a-ade8-855ca34a35de,15/08/2016,QUINQUENAL,2010,,,El método de recolección no es confirmado. Aclarar el tema de última publicación y última actualización,http://catalogo.datos.gob.mx/dataset/indicadores-basicos-del-desempeno-ambiental--agua--disponibilidad/resource/01ade014-2c0c-4f3a-ade8-855ca34a35de
DISPOSICIÓN FINAL DE LOS RESIDUOS SÓLIDOS URBANOS,MÉXICO,6 AGUA LIMPIA Y SANEAMIENTO,,SECTOR PÚBLICO,SECRETARÍA DE MEDIO AMBIENTE Y RECURSOS NATURALES,REGISTRO ADMINISTRATIVO,Registrar la disposición final de los residuos sólidos urbanos.,,,,Año*Ubicación*Tipo de disposición y volumen (toneladas),Año*Ubicación*Tipo de disposición y volumen (toneladas),NACIONAL,SI,CSV,http://catalogo.datos.gob.mx/dataset/indicadores-basicos-del-desempeno-ambiental--agua--calidad/resource/72ae5d06-2ac8-4e2e-9248-a2204f1054a6,16/08/2016,ANUAL,2012,,,El método de recolección no es confirmado. Aclarar el tema de última publicación y última actualización,http://catalogo.datos.gob.mx/dataset/indicadores-basicos-del-desempeno-ambiental--agua--calidad/resource/72ae5d06-2ac8-4e2e-9248-a2204f1054a6
TRATAMIENTO DE AGUA RESIDUAL,MÉXICO,6 AGUA LIMPIA Y SANEAMIENTO,,SECTOR PÚBLICO,SECRETARÍA DE MEDIO AMBIENTE Y RECURSOS NATURALES,REGISTRO ADMINISTRATIVO,Registrar el agua residual que recibe tratamiento.,,,,Año*Tipo de caudal*Sector*Volumen(M3 por segundo)*Volumen(Porcentaje),Año*Tipo de caudal*Sector*Volumen(M3 por segundo)*Volumen(Porcentaje),NACIONAL,SI,CSV,http://catalogo.datos.gob.mx/dataset/indicadores-basicos-del-desempeno-ambiental--agua--calidad/resource/0c730936-999c-4828-b501-25ef596487ab,16/08/2016,ANUAL,2014,,,El método de recolección no es confirmado. Aclarar el tema de última publicación y última actualización,http://catalogo.datos.gob.mx/dataset/indicadores-basicos-del-desempeno-ambiental--agua--calidad/resource/0c730936-999c-4828-b501-25ef596487ab
PORCENTAJE DE LA POBLACIÓN CON SERVICIO ELÉCTRICO,MÉXICO,7 ENERGÍA ASEQUIBLE Y NO CONTAMINANTE,,SECTOR PÚBLICO,SECRETARÍA DE ENERGÍA,REGISTRO ADMINISTRATIVO,Registrar el pocentaje de la población con servicio eléctrico.,,,,,,NACIONAL,SI,CSV,http://catalogo.datos.gob.mx/dataset/porcentaje-de-la-poblacion-con-servicio-electrico/resource/cb72ee04-af2e-452e-9075-c1318080061b,16/08/2016,NO ESTABLECIDO,2014,,,El método de recolección no es confirmado. Aclarar el tema de última publicación y última actualización,http://catalogo.datos.gob.mx/dataset/porcentaje-de-la-poblacion-con-servicio-electrico/resource/cb72ee04-af2e-452e-9075-c1318080061b
ENERGÍA ELECTRÍCA POR TECNOLOGÍA Y SECTOR,MÉXICO,7 ENERGÍA ASEQUIBLE Y NO CONTAMINANTE,,SECTOR PÚBLICO,SECRETARÍA DE ENERGÍA,REGISTRO ADMINISTRATIVO,Registrar la generación bruta por tecnología y sector.,,,,Descripción*Unidad*Periodo,Descripción*Unidad*Periodo,NACIONAL,SI,CSV,http://catalogo.datos.gob.mx/dataset/porcentaje-de-la-poblacion-con-servicio-electrico,18/08/2016,MENSUAL,jun.-16,,,El método de recolección no es confirmado. Aclarar el tema de última publicación y última actualización,http://catalogo.datos.gob.mx/dataset/porcentaje-de-la-poblacion-con-servicio-electrico
BALANCE NACIONAL DE ENERGÍA: ENERGÍA EÓLICA,MÉXICO,7 ENERGÍA ASEQUIBLE Y NO CONTAMINANTE,,SECTOR PÚBLICO,SECRETARÍA DE ENERGÍA,REGISTRO ADMINISTRATIVO,Registrar información relacionada con la producción de energía eólica.,,,,Descripción*Unidad*Periodo,Descripción*Unidad*Periodo,NACIONAL,SI,CSV,http://catalogo.datos.gob.mx/dataset/balance-nacional-de-energia/resource/0505cf53-8dbe-493d-8d87-60d59ac7c499,18/08/2016,ANUAL,2014,,,El método de recolección no es confirmado. Aclarar el tema de última publicación y última actualización,http://catalogo.datos.gob.mx/dataset/balance-nacional-de-energia/resource/0505cf53-8dbe-493d-8d87-60d59ac7c499
BALANCE NACIONAL DE ENERGÍA: HIDROENERGÍA,MÉXICO,7 ENERGÍA ASEQUIBLE Y NO CONTAMINANTE,,SECTOR PÚBLICO,SECRETARÍA DE ENERGÍA,REGISTRO ADMINISTRATIVO,Registrar información relacionada con la producción de hidroenergía.,,,,Descripción*Unidad*Periodo,Descripción*Unidad*Periodo,NACIONAL,SI,CSV,http://catalogo.datos.gob.mx/dataset/balance-nacional-de-energia/resource/8f2c7250-eded-4eef-8c68-63c89b875544,18/08/2016,ANUAL,2014,,,El método de recolección no es confirmado. Aclarar el tema de última publicación y última actualización,http://catalogo.datos.gob.mx/dataset/balance-nacional-de-energia/resource/8f2c7250-eded-4eef-8c68-63c89b875544
INDICADORES ENERGÉTICOS NACIONALES,MÉXICO,7 ENERGÍA ASEQUIBLE Y NO CONTAMINANTE,,SECTOR PÚBLICO,SECRETARÍA DE ENERGÍA,REGISTRO ADMINISTRATIVO,Producir información relacionada con los indicadores energéticos nacionales de méxico.,,,,Descripción*Unidad*Periodo,Descripción*Unidad*Periodo,NACIONAL,SI,CSV,http://catalogo.datos.gob.mx/dataset/balance-nacional-de-energia/resource/2126e1c5-505e-4fd7-b5e7-52d37395ebc0,18/08/2016,ANUAL,2014,,,El método de recolección no es confirmado. Aclarar el tema de última publicación y última actualización,http://catalogo.datos.gob.mx/dataset/balance-nacional-de-energia/resource/2126e1c5-505e-4fd7-b5e7-52d37395ebc0
INSPECCIÓN Y VIGILANCIA DE PRODUCTOS PESQUEROS,MÉXICO,14 VIDA SUBMARINA,,SECTOR PÚBLICO,SECRETARÍA DE MEDIO AMBIENTE Y RECURSOS NATURALES,REGISTRO ADMINISTRATIVO,Producir y registrar información sobre actividades de inspección y vigilancia de los recursos pesqueros.,,,,"Año*Actividad, inspección y vigilancia*Acciones (número)","Año*Actividad, inspección y vigilancia*Acciones (número)",NACIONAL,SI,CSV,http://catalogo.datos.gob.mx/dataset/indicadores-basicos-del-desempeno-ambiental--recursos-pesqueros/resource/0e712e79-6f76-44c3-917c-58624e22bf9b,18/08/2016,ANUAL,2014,,,El método de recolección no es confirmado. Aclarar el tema de última publicación y última actualización,http://catalogo.datos.gob.mx/dataset/indicadores-basicos-del-desempeno-ambiental--recursos-pesqueros/resource/0e712e79-6f76-44c3-917c-58624e22bf9b
ESTADO DE SUSTENTABILIDAD DE RECURSOS PESQUEROS,MÉXICO,14 VIDA SUBMARINA,,SECTOR PÚBLICO,SECRETARÍA DE MEDIO AMBIENTE Y RECURSOS NATURALES,REGISTRO ADMINISTRATIVO,Producir y registrar información sobre estado de sustentabilidad de recursos pesqueros.,,,,Localización*Estado de sustentabilidad*Especie o grupos (número)*Proporción (porcentaje),Localización*Estado de sustentabilidad*Especie o grupos (número)*Proporción (porcentaje),NACIONAL,SI,CSV,http://catalogo.datos.gob.mx/dataset/indicadores-basicos-del-desempeno-ambiental--recursos-pesqueros/resource/f9ae8ba9-e413-4f5d-b76a-07c78844473b,20/08/2016,ANUAL,ND,,,El método de recolección no es confirmado. Aclarar el tema de última publicación y última actualización,http://catalogo.datos.gob.mx/dataset/indicadores-basicos-del-desempeno-ambiental--recursos-pesqueros/resource/f9ae8ba9-e413-4f5d-b76a-07c78844473b
ORDENAMIENTOS ECOLÓGICOS EN ZONAS DE ARRECIFES DE CORAL,MÉXICO,14 VIDA SUBMARINA,,SECTOR PÚBLICO,SECRETARÍA DE MEDIO AMBIENTE Y RECURSOS NATURALES,REGISTRO ADMINISTRATIVO,Producir y registrar información relacionada con los ordenamientos ecológicos en zonas de arrecifes de coral.,,,,Año*Categoría*Ordenamiento (números)*Superficie (hectáreas),Año*Categoría*Ordenamiento (números)*Superficie (hectáreas),NACIONAL,SI,CSV,http://catalogo.datos.gob.mx/dataset/indicadores-basicos-del-desempeno-ambiental--biodiversidad--oceanicos/resource/7dcdb202-9cb9-4e8c-abd9-5bab6364cf4e,20/08/2016,ANUAL,2012,,,El método de recolección no es confirmado. Aclarar el tema de última publicación y última actualización,http://catalogo.datos.gob.mx/dataset/indicadores-basicos-del-desempeno-ambiental--biodiversidad--oceanicos/resource/7dcdb202-9cb9-4e8c-abd9-5bab6364cf4e
"INGRESOS, GASTOS Y FINANCIAMIENTO PÚBLICO",MÉXICO,17 ALIANZAS PARA LOGRAR LOS OBJETIVOS,,SECTOR PÚBLICO,SECRETARÍA DE HACIENDA Y CRÉDITO PÚBLICO,REGISTRO ADMINISTRATIVO,"Producir y registrar información relacionada con los ingresos, gastos y financiamiento del sector público.",,,,Ciclo*Mes*Clave de concepto*Nombre*Tema*Subtema*Unidad de medida*Periodo de inicio*Periodo final*Frecuencia*Difusión*Monto,Ciclo*Mes*Clave de concepto*Nombre*Tema*Subtema*Unidad de medida*Periodo de inicio*Periodo final*Frecuencia*Difusión*Monto,NACIONAL,SI,CSV,http://catalogo.datos.gob.mx/dataset/estadisticas-oportunas-de-finanzas-publicas/resource/d8d54991-8cef-423d-9555-8838dde9c59f,20/08/2016,MENSUAL,may.-16,,,El método de recolección no es confirmado. Aclarar el tema de última publicación y última actualización,http://catalogo.datos.gob.mx/dataset/estadisticas-oportunas-de-finanzas-publicas/resource/d8d54991-8cef-423d-9555-8838dde9c59f
REMESAS FAMILIARES,MÉXICO,17 ALIANZAS PARA LOGRAR LOS OBJETIVOS,,SECTOR PÚBLICO,BANCO DE MÉXICO,REGISTRO ADMINISTRATIVO,Registrar las remesas familiares enviadas a méxico.,,,,Concepto*Valor anual*Variación relativa,Concepto*Valor anual*Variación relativa,NACIONAL,SI,XLS*CSV*XML,http://www.banxico.org.mx/SieInternet/consultarDirectorioInternetAction.do?sector=1&accion=consultarCuadroAnalitico&idCuadro=CA11&locale=es,21/08/2016,MENSUAL,jun.-16,,,El método de recolección no es confirmado. Aclarar el tema de última publicación y última actualización,http://www.banxico.org.mx/SieInternet/consultarDirectorioInternetAction.do?sector=1&accion=consultarCuadroAnalitico&idCuadro=CA11&locale=es
PROYECTOS DE OFERTA DE COOPERACIÓN INTERNACIONAL PARA EL DESARROLLO,MÉXICO,17 ALIANZAS PARA LOGRAR LOS OBJETIVOS,,SECTOR PÚBLICO,SECRETARÍA DE RELACIONES EXTERIORES,REGISTRO ADMINISTRATIVO,Presentar el número de intervenciones de oferta de cooperación internacional para el desarrollo que iniciaron ejecución en el año.,,,,Países*Sectores,Proyectos de oferta de cooperación internacional para el desarrollo,NACIONAL,SI,CSV,chrome-extension://gbkeegbaiigmenfmjfclcdgdpimamgkj/views/app.html,21/08/2016,NO ESTABLECIDO,ND,,,El método de recolección no es confirmado. Aclarar el tema de última publicación y última actualización,chrome-extension://gbkeegbaiigmenfmjfclcdgdpimamgkj/views/app.html
PROPORCIÓN DE LA POBLACIÓN CON ACCESO A LA SEGURIDAD SOCIAL,MÉXICO,1 FIN DE LA POBREZA,,SECTOR PÚBLICO,SECRETARÍA DE DESARROLLO SOCIAL,REGISTRO ADMINISTRATIVO,Presentar la proporción de la población con acceso a la seguridad social.,,,,Año*Total nacional*Hombre*Mujer*Población menor a 18 años*Población mayor a 65 años*Personas que hablan alguna lengua indígena*Personas con discapacidad*Madres jefas de familia,Año*Total nacional*Hombre*Mujer*Población menor a 18 años*Población mayor a 65 años*Personas que hablan alguna lengua indígena*Personas con discapacidad*Madres jefas de familia,NACIONAL,SI,CSV,http://catalogo.datos.gob.mx/dataset/indicadores-de-inclusion-social/resource/1302c716-eede-4719-8a93-bf2812607f1a,22/08/2016,BIANUAL,2012,,,El método de recolección no es confirmado. Aclarar el tema de última publicación y última actualización,http://catalogo.datos.gob.mx/dataset/indicadores-de-inclusion-social/resource/1302c716-eede-4719-8a93-bf2812607f1a
PROPORCIÓN DE LA POBLACIÓN/HOGARES CON ACCESO A LOS SERVCIOS BÁSICOS EN LA VIVIENDA,MÉXICO,1 FIN DE LA POBREZA,,SECTOR PÚBLICO,SECRETARÍA DE DESARROLLO SOCIAL,REGISTRO ADMINISTRATIVO,Presentar el porcentaje de hogares que tienen acceso a los servicios básicos en la vivienda a nivel nacional,,,,Año*Total nacional*Hombre*Mujer*Población menor a 18 años*Población mayor a 65 años*Personas que hablan alguna lengua indígena*Personas con discapacidad*Madres jefas de familia,Año*Total nacional*Hombre*Mujer*Población menor a 18 años*Población mayor a 65 años*Personas que hablan alguna lengua indígena*Personas con discapacidad*Madres jefas de familia,NACIONAL,SI,CSV,http://catalogo.datos.gob.mx/dataset/indicadores-de-inclusion-social/resource/871df817-7af9-437f-a135-f1d91e291af6,22/08/2016,BIANUAL,2012,,,El método de recolección no es confirmado. Aclarar el tema de última publicación y última actualización,http://catalogo.datos.gob.mx/dataset/indicadores-de-inclusion-social/resource/871df817-7af9-437f-a135-f1d91e291af6
PROPORCIÓN DE LA POBLACIÓN QUE VIVE POR DEBAJO DEL 50% DEL INGRESO MEDIO,MÉXICO,1 FIN DE LA POBREZA,,SECTOR PÚBLICO,SECRETARÍA DE DESARROLLO SOCIAL,REGISTRO ADMINISTRATIVO,Presentar el porcentaje de la población que vive debajo del 50% del ingreso medio a nivel nacional.,,,,Año*Total nacional*Hombre*Mujer*Población menor a 18 años*Población mayor a 65 años*Personas que hablan alguna lengua indígena*Personas con discapacidad*Madres jefas de familia,Año*Total nacional*Hombre*Mujer*Población menor a 18 años*Población mayor a 65 años*Personas que hablan alguna lengua indígena*Personas con discapacidad*Madres jefas de familia,NACIONAL,SI,CSV,http://catalogo.datos.gob.mx/dataset/indicadores-de-inclusion-social/resource/06582f70-2467-4d0f-b4cf-da1fb037d4df,22/08/2016,BIANUAL,2012,,,El método de recolección no es confirmado. Aclarar el tema de última publicación y última actualización,http://catalogo.datos.gob.mx/dataset/indicadores-de-inclusion-social/resource/06582f70-2467-4d0f-b4cf-da1fb037d4df
PROPORCIÓN DE LA POBLACIÓN/HOGARES CON ACCESO A LOS SERVCIOS BÁSICOS EN LA VIVIENDA POR ESTADO,MÉXICO,1 FIN DE LA POBREZA,,SECTOR PÚBLICO,SECRETARÍA DE DESARROLLO SOCIAL,REGISTRO ADMINISTRATIVO,Presentar el porcentaje de hogares que tienen acceso a los servicios básicos en la vivienda por estado.,,,,Entidad*Proporción*Año,Entidad*Proporción*Año,NACIONAL,SI,CSV,http://catalogo.datos.gob.mx/dataset/indicadores-de-inclusion-social/resource/8ffcd10d-294f-4454-9977-0bd57ea34eb1,24/08/2016,BIANUAL,2012,,,El método de recolección no es confirmado. Aclarar el tema de última publicación y última actualización,http://catalogo.datos.gob.mx/dataset/indicadores-de-inclusion-social/resource/8ffcd10d-294f-4454-9977-0bd57ea34eb1
PROPORCIÓN DE LA POBLACIÓN QUE VIVE POR DEBAJO DEL 50% DEL INGRESO MEDIO POR ESTADO,MÉXICO,1 FIN DE LA POBREZA,,SECTOR PÚBLICO,SECRETARÍA DE DESARROLLO SOCIAL,REGISTRO ADMINISTRATIVO,Presentar el porcentaje de la población que vive debajo del 50% del ingreso medio por estado.,,,,Entidad*Proporción*Año,Entidad*Proporción*Año,NACIONAL,SI,CSV,http://catalogo.datos.gob.mx/dataset/indicadores-de-inclusion-social/resource/17634585-79b9-4b8e-a59d-b522fd907ee8,24/08/2016,BIANUAL,2012,,,El método de recolección no es confirmado. Aclarar el tema de última publicación y última actualización,http://catalogo.datos.gob.mx/dataset/indicadores-de-inclusion-social/resource/17634585-79b9-4b8e-a59d-b522fd907ee8
ENCUESTA NACIONAL DE SALUD Y NUTRICIÓN 2006,MÉXICO,2 HAMBRE CERO,,SECTOR PÚBLICO,INSTITUTO NACIONAL DE SALUD PÚBLICA,ENCUESTA POR MUESTREO,"Ofrecer información que constituye un diagnóstico actualizado de las condiciones de salud de los mexicanos, así como sobre la respuesta del sistema de salud a estas condiciones, y los resultados alcanzados. El contar con este panorama es igualmente un insumo de primera importancia para identificar los retos en materia de salud hacia los próximos años, y formular las estrategias adecuadas para hacerles frente.",,,,Seguro médico del hogar del adulto*Nivel socieconómico*Intención de perder peso*Sobre peso y obesidad*Calidad de atención en centros de salud*Enfermedades crónicas*Problemas de salud,Coberturas de vacunas*Atención prenatal*Mexicanos con hipertensión*Sobrepeso y obesidad*Prevalencia de diabetes*Desnutrición crónica,NACIONAL,SI,CSV,http://catalogo.datos.gob.mx/dataset/encuesta-nacional-de-salud-y-nutricion-2006-ensanut,26/08/2016,NO ESTABLECIDO,2006,,,,http://catalogo.datos.gob.mx/dataset/encuesta-nacional-de-salud-y-nutricion-2006-ensanut
ENCUESTA NACIONAL DE SALUD Y NUTRICIÓN 2012,MÉXICO,2 HAMBRE CERO,,SECTOR PÚBLICO,INSTITUTO NACIONAL DE SALUD PÚBLICA,ENCUESTA POR MUESTREO,"Ofrecer información que constituye un diagnóstico actualizado de las condiciones de salud de los mexicanos, así como sobre la respuesta del sistema de salud a estas condiciones, y los resultados alcanzados. El contar con este panorama es igualmente un insumo de primera importancia para identificar los retos en materia de salud hacia los próximos años, y formular las estrategias adecuadas para hacerles frente.",,,,Seguro médico del hogar del adulto*Nivel socieconómico*Intención de perder peso*Sobre peso y obesidad*Calidad de atención en centros de salud*Enfermedades crónicas*Problemas de salud,Coberturas de vacunas*Atención prenatal*Mexicanos con hipertensión*Sobrepeso y obesidad*Prevalencia de diabetes*Desnutrición crónica,NACIONAL,SI,PDF,http://ensanut.insp.mx/informes/ENSANUT2012ResultadosNacionales.pdf,26/08/2016,NO ESTABLECIDO,2012,,,,http://ensanut.insp.mx/informes/ENSANUT2012ResultadosNacionales.pdf
ESTADÍSTICAS DE PRODUCCIÓN AGRÍCOLA,MÉXICO,2 HAMBRE CERO,,SECTOR PÚBLICO,SERVICIO DE INFORMACIÓN AGROALIMENTARIA Y PESQUERA,REGISTRO ADMINISTRATIVO,Registrar y presentar información sobre toda la producción agrícola generada a nivel nacional de 1980 a 2015,,,,,,NACIONAL,SI,CSV,http://catalogo.datos.gob.mx/dataset/estadistica-de-la-produccion-agricola,26/08/2016,ANUAL,2015,,,Enlace roto,http://catalogo.datos.gob.mx/dataset/estadistica-de-la-produccion-agricola
OBRA ABIERTA PÚBLICA PEF 2016,MÉXICO,2 HAMBRE CERO,,SECTOR PÚBLICO,SECRETARÍA DE HACIENDA Y CRÉDITO PÚBLICO,REGISTRO ADMINISTRATIVO,"Presentar información de los Programas y Proyectos de Inversión de la Obra Pública Abierta con presupuesto aprobado para el año fiscal 2015, además brinda datos para poder revisar su seguimiento y el detalle de cada Proyecto o Programa de Inversión.",,,,Nombre del proyecto*Ramo*Descripción del proyecto*Localización*Meta física*Aprobado*Modificado*Ejercido*Monto total de la inversión,Nombre del proyecto*Ramo*Descripción del proyecto*Localización*Meta física*Aprobado*Modificado*Ejercido*Monto total de la inversión,NACIONAL,SI,CSV,http://catalogo.datos.gob.mx/dataset/cartera-de-inversion/resource/4e9d6daa-4742-4c48-a1e5-87247df01361,26/08/2016,ANUAL,2015,,,El método de recolección no es confirmado. Aclarar el tema de última publicación y última actualización,http://catalogo.datos.gob.mx/dataset/cartera-de-inversion/resource/4e9d6daa-4742-4c48-a1e5-87247df01361
ENCUESTA NACIONAL DE ADICCIONES 2002  (ENA 2002),MÉXICO,3 SALUD Y BIENESTAR,,SECTOR PÚBLICO,INSTITUTO NACIONAL DE SALUD PÚBLICA,ENCUESTA POR MUESTREO,"Su objetivo general es estimar las prevalencias del uso y abuso de tabaco, alcohol y drogas, tanto
médicas como no médicas, así como evaluar las tendencias de su consumo, en la población adolescente de entre 12 y 17 años de edad y en la población adulta de entre 18 y 65 años. Además, la encuesta busca conocer los factores asociados a la utilización de estas sustancias, así como las necesidades de atención y el uso de servicios relacionados con el abuso de las mismas. ",,,,Consumo de tabaco*Dependencia de consumo de alcohol*Embarazo*,Tendencias de consumo de drogas*Tendencia de consumo de drogas población adolecente (12 a 17 años)*Tendencia de consumo de drogas población adulta (18 a 65 años),NACIONAL,SI,CSV,http://catalogo.datos.gob.mx/dataset/encuesta-nacional-de-adicciones-2002-ena2002,26/08/2016,ANUAL,,,,,http://catalogo.datos.gob.mx/dataset/encuesta-nacional-de-adicciones-2002-ena2002
ENCUESTA NACIONAL DE ADICCIONES 2008,MÉXICO,3 SALUD Y BIENESTAR,,SECTOR PÚBLICO,INSTITUTO NACIONAL DE SALUD PÚBLICA,ENCUESTA POR MUESTREO,"Su objetivo general es estimar las prevalencias del uso y abuso de tabaco, alcohol y drogas, tanto
médicas como no médicas, así como evaluar las tendencias de su consumo, en la población adolescente de entre 12 y 17 años de edad y en la población adulta de entre 18 y 65 años. Además, la encuesta busca conocer los factores asociados a la utilización de estas sustancias, así como las necesidades de atención y el uso de servicios relacionados con el abuso de las mismas. ",,,,Consumo de tabaco*Dependencia de consumo de alcohol*Embarazo*,Tendencias de consumo de drogas*Tendencia de consumo de drogas población adolecente (12 a 17 años)*Tendencia de consumo de drogas población adulta (18 a 65 años),NACIONAL,SI,PDF,http://www.conadic.salud.gob.mx/pdfs/ena_2008.pdf,26/08/2016,ANUAL,2008,,,,http://www.conadic.salud.gob.mx/pdfs/ENA_2011_ALCOHOL.pdf
ENCUESTA NACIONAL DE ADICCIONES 2011 (ALCOHOL),MÉXICO,3 SALUD Y BIENESTAR,,SECTOR PÚBLICO,INSTITUTO NACIONAL DE SALUD PÚBLICA,ENCUESTA POR MUESTREO,"Su objetivo general es estimar las prevalencias del uso y abuso de tabaco, alcohol y drogas, tanto
médicas como no médicas, así como evaluar las tendencias de su consumo, en la población adolescente de entre 12 y 17 años de edad y en la población adulta de entre 18 y 65 años. Además, la encuesta busca conocer los factores asociados a la utilización de estas sustancias, así como las necesidades de atención y el uso de servicios relacionados con el abuso de las mismas. ",,,,Consumo de tabaco*Dependencia de consumo de alcohol*Embarazo*,Tendencias de consumo de drogas*Tendencia de consumo de drogas población adolecente (12 a 17 años)*Tendencia de consumo de drogas población adulta (18 a 65 años),NACIONAL,SI,PDF,http://www.conadic.salud.gob.mx/pdfs/ENA_2011_ALCOHOL.pdf,26/08/2016,ANUAL,2011,,,,http://www.conadic.salud.gob.mx/pdfs/ENA_2011_ALCOHOL.pdf
ENCUESTA NACIONAL DE ADICCIONES 2011 (TABACO),MÉXICO,3 SALUD Y BIENESTAR,,SECTOR PÚBLICO,INSTITUTO NACIONAL DE SALUD PÚBLICA,ENCUESTA POR MUESTREO,"Su objetivo general es estimar las prevalencias del uso y abuso de tabaco, alcohol y drogas, tanto
médicas como no médicas, así como evaluar las tendencias de su consumo, en la población adolescente de entre 12 y 17 años de edad y en la población adulta de entre 18 y 65 años. Además, la encuesta busca conocer los factores asociados a la utilización de estas sustancias, así como las necesidades de atención y el uso de servicios relacionados con el abuso de las mismas. ",,,,Consumo de tabaco*Dependencia de consumo de alcohol*Embarazo*,Tendencias de consumo de drogas*Tendencia de consumo de drogas población adolecente (12 a 17 años)*Tendencia de consumo de drogas población adulta (18 a 65 años),NACIONAL,SI,PDF,http://www.conadic.salud.gob.mx/pdfs/ENA_2011_TABACO.pdf,26/08/2016,ANUAL,2011,,,,http://www.conadic.salud.gob.mx/pdfs/ENA_2011_TABACO.pdf
ENCUESTA NACIONAL DE ADICCIONES 2011 (DROGAS ILÍCITAS),MÉXICO,3 SALUD Y BIENESTAR,,SECTOR PÚBLICO,INSTITUTO NACIONAL DE SALUD PÚBLICA,ENCUESTA POR MUESTREO,"Su objetivo general es estimar las prevalencias del uso y abuso de tabaco, alcohol y drogas, tanto
médicas como no médicas, así como evaluar las tendencias de su consumo, en la población adolescente de entre 12 y 17 años de edad y en la población adulta de entre 18 y 65 años. Además, la encuesta busca conocer los factores asociados a la utilización de estas sustancias, así como las necesidades de atención y el uso de servicios relacionados con el abuso de las mismas. ",,,,Consumo de tabaco*Dependencia de consumo de alcohol*Embarazo*,Tendencias de consumo de drogas*Tendencia de consumo de drogas población adolecente (12 a 17 años)*Tendencia de consumo de drogas población adulta (18 a 65 años),NACIONAL,SI,PDF,http://www.conadic.salud.gob.mx/pdfs/ENA_2011_DROGAS_ILICITAS_.pdf,26/08/2016,ANUAL,2011,,,,http://www.conadic.salud.gob.mx/pdfs/ENA_2011_DROGAS_ILICITAS_.pdf
PROGRAMA DE APOYO AL EMPLEO (FOMENTO AL AUTOEMPLEO),MÉXICO,10 REDUCCIÓN DE LAS DESIGUALDADES,,SECTOR PÚBLICO,SECRETARÍA DE TRABAJO Y PREVISIÓN SOCIAL,REGISTRO ADMINISTRATIVO,"Registrar la entrega de apoyos económicos que permitan la creación o fortalecimiento de Iniciativas de Ocupación por Cuenta Propia (IOCP) mediante la entrega de mobiliario, maquinaria, equipo y/o herramienta.",,,,Atendidos*Colocados*Iniciativas*Federal*Estatal,Año*Estado*Iniciativas de ocupación*Empleso generados*Empleos generados colocados,ESTATAL,SI,CSV,http://catalogo.datos.gob.mx/dataset/programa-de-apoyo-al-empleo-fomento-al-autoempleo/resource/3af0d4dc-0a39-4764-939f-0b1bf11863d1,27/08/2016,ANUAL,jul.-16,,,,http://catalogo.datos.gob.mx/dataset/programa-de-apoyo-al-empleo-fomento-al-autoempleo/resource/3af0d4dc-0a39-4764-939f-0b1bf11863d1
PROGRAMA DE APOYO AL EMPLEO (MOVILIDAD LABORAL),MÉXICO,10 REDUCCIÓN DE LAS DESIGUALDADES,,SECTOR PÚBLICO,SECRETARÍA DE TRABAJO Y PREVISIÓN SOCIAL,REGISTRO ADMINISTRATIVO,"Registrar el apoyo económico a los buscadores de empleo que, con el interés de obtener un empleo, se trasladan a localidades distintas a las de su residencia. Variables: Atendidos, Colocados, Federal, Estatal",,,,Atendidos*Colocados*Iniciativas*Federal*Estatal,Año*Estado*Iniciativas de ocupación*Sector agrícola atendidos*Sector agrícola colocados*Sector industrial y servicios atendidos*Sector industrial y servicios colocados,ESTATAL,SI,CSV,http://catalogo.datos.gob.mx/dataset/programa-de-apoyo-al-empleo-movilidad-laboral/resource/cfcd1542-c9bd-4e54-bb2d-90d62f633ab3,27/08/2016,ANUAL,jul.-16,,,,http://catalogo.datos.gob.mx/dataset/programa-de-apoyo-al-empleo-movilidad-laboral/resource/cfcd1542-c9bd-4e54-bb2d-90d62f633ab3
MUJERES EN PUESTOS DIRECTIVOS DE LA ADMINISTRACIÓN PÚBLICA,MÉXICO,5 IGUALDAD DE GÉNERO,,SECTOR PÚBLICO,INSTITUTO NACIONAL DE LAS MUJERES (INMUJERES),REGISTRO ADMINISTRATIVO,Registrar el número de mujeres en puestos directivos de la administración pública,,,,Estado*Fecha*Mujeres*Hombres,Número de mujeres en puestos directivos de la administración pública a nivel nacional,NACIONAL,SI,CSV,http://catalogo.datos.gob.mx/dataset/estadisticas-de-mujeres/resource/6a19b9fb-360d-493a-8222-6689ee2507ab,30/08/2016,ANUAL,2015,,,,http://catalogo.datos.gob.mx/dataset/estadisticas-de-mujeres/resource/6a19b9fb-360d-493a-8222-6689ee2507ab
MUJERES PROPIETARIAS DE LA VIVIENDA,MÉXICO,5 IGUALDAD DE GÉNERO,,SECTOR PÚBLICO,INSTITUTO NACIONAL DE LAS MUJERES (INMUJERES),REGISTRO ADMINISTRATIVO,Registrar el número de mujeres que son dueñas únicas o copropietarias de las viviendas donde residen por cada 100 mujeres desagregado por entidad federativa,,,,Estado*Fecha*Mujeres*Propiertarias,Número de mujeres que son dueñas únicas o copropietarias de las viviendas donde residen por cada 100 mujeres desagregado por entidad federativa,ESTATAL,SI,CSV,http://catalogo.datos.gob.mx/dataset/estadisticas-de-mujeres/resource/77776868-0d8e-43c0-9f86-93c323033648,30/08/2016,ANUAL,2014,,,,http://catalogo.datos.gob.mx/dataset/estadisticas-de-mujeres/resource/77776868-0d8e-43c0-9f86-93c323033648
MUJERES SIN INGRESOS PROPIOS,MÉXICO,5 IGUALDAD DE GÉNERO,,SECTOR PÚBLICO,INSTITUTO NACIONAL DE LAS MUJERES (INMUJERES),REGISTRO ADMINISTRATIVO,Presentar la población femenina de 15 años y más que no es perceptora de ingresos monetarios individuales y que no estudia según entidad federativa,,,,Entidad*Año*Mujeres sin ingresos*Mujeres que no asisten a la escuela,Población femenina de 15 años y más que no es perceptora de ingresos monetarios individuales y que no estudia según entidad federativa,ESTATAL,SI,CSV,http://catalogo.datos.gob.mx/dataset/estadisticas-de-mujeres/resource/17083cd9-425e-423e-b27d-6d5253503ef2,30/08/2016,ANUAL,2014,,,,http://catalogo.datos.gob.mx/dataset/estadisticas-de-mujeres/resource/17083cd9-425e-423e-b27d-6d5253503ef2
INGRESOS LABORAL POR QUINTIL,MÉXICO,5 IGUALDAD DE GÉNERO,,SECTOR PÚBLICO,INSTITUTO NACIONAL DE LAS MUJERES (INMUJERES),REGISTRO ADMINISTRATIVO,Presentar estadísticas sobre el Ingreso laboral por quintil de ingreso según sexo y entidad federtiva,,,,Quintil de ingresos*Estado*Fecha*Hombres*Mujeres,Ingreso por quintil para hombres y mujeres a nivel estatal,ESTATAL,SI,CSV,http://catalogo.datos.gob.mx/dataset/estadisticas-de-mujeres/resource/600a2439-9770-4a4a-8417-2ee4d6592ed3,30/08/2016,ANUAL,2014,,,,http://catalogo.datos.gob.mx/dataset/estadisticas-de-mujeres/resource/600a2439-9770-4a4a-8417-2ee4d6592ed3
PROGRAMA PARA LA PREVENCIÓN Y ATENCIÓN DE LA VIOLENCIA CONTRA LAS MUJERES,MÉXICO,5 IGUALDAD DE GÉNERO,,SECTOR PÚBLICO,SECRETARÍA DE DESARROLLO SOCIAL,REGISTRO ADMINISTRATIVO,"Presentar datos del segundo, tercero y cuarto trimestre del 2014 de las beneficiarias de los proyectos estatales apoyados por el programa PAIMEF en materia de prevención y atención de la violencia contra las mujeres",,,,Entidad federativa*IMEF*Recursos asignados,"Datos del segundo, tercero y cuarto trimestre del 2014 de las beneficiarias de los proyectos estatales apoyados por el programa PAIMEF en materia de prevención y atención de la violencia contra las mujeres",ESTATAL,SI,CSV,http://catalogo.datos.gob.mx/dataset/programa-para-la-prevencion-y-atencion-de-la-violencia-contra-las-mujeres,31/08/2016,TRIMESTRAL,2014,,,,http://catalogo.datos.gob.mx/dataset/programa-para-la-prevencion-y-atencion-de-la-violencia-contra-las-mujeres
PROGRAMA PARA LA PREVENCIÓN Y ATENCIÓN DE LA VIOLENCIA CONTRA LAS MUJERES 2015,MÉXICO,5 IGUALDAD DE GÉNERO,,SECTOR PÚBLICO,SECRETARÍA DE DESARROLLO SOCIAL,REGISTRO ADMINISTRATIVO,Presentar datos de las instancias de Mujeres en las Entidades Federativas apoyadas durante el periodo enero a junio 2015,,,,Entidad*Minucipio*Localidad*RFC*Razón social*Integrantes*Importe de los apoyos,Instancias de Mujeres en las Entidades Federativas apoyadas durante el periodo enero a junio 2015,ESTATAL,SI,CSV,http://catalogo.datos.gob.mx/dataset/programa-para-la-prevencion-y-atencion-de-la-violencia-contra-las-mujeres-2015/resource/b29e5357-a8ff-4906-a7bd-fb4378c49e3d,31/08/2016,NO ESTABLECIDO,2015,,,,http://catalogo.datos.gob.mx/dataset/programa-para-la-prevencion-y-atencion-de-la-violencia-contra-las-mujeres-2015/resource/b29e5357-a8ff-4906-a7bd-fb4378c49e3d
ENCUESTA NACIONAL DE LA DINÁMICA DEMOGRÁFICA,MÉXICO,5 IGUALDAD DE GÉNERO,,SECTOR PÚBLICO,INSTITUTO NACIONAL DE ESTADÍSTICA Y GEOGRAFÍA (INEGI),ENCUESTA POR MUESTREO,"Actualizar la información estadística relacionada con el nivel y comportamiento de los componentes de la dinámica demográfica: fecundidad, mortalidad y migración (interna e internacional), así como otros temas referidos a la población, los hogares y las viviendas de México.",,,,Conocimiento de métodos anticonceptivos*Más hijos del ideal*Menos hijos del ideal*Tiempo antes del primero*Ideal de hijos,Fecundiad*mortalidad*migración,ESTATAL,SI,DBF,http://www3.inegi.org.mx/sistemas/microdatos/encuestas.aspx?c=34532&s=est,31/08/2016,NO ESTABLECIDO,2014,,,,http://www3.inegi.org.mx/sistemas/microdatos/encuestas.aspx?c=34532&s=est
SENADORAS,MÉXICO,5 IGUALDAD DE GÉNERO,,SECTOR PÚBLICO,INSTITUTO NACIONAL DE LAS MUJERES (INMUJERES),REGISTRO ADMINISTRATIVO,Presentar información sobre el número de senadoras en méxico,,,,Estado*fecha*Mujeres*Hombres,Senadoras y senadores por año,NACIONAL,SI,CSV,http://catalogo.datos.gob.mx/dataset/estadisticas-del-posicionamiento-general-en-la-mujer/resource/a20ff605-8d7f-46d5-b19c-2ec05d04893c,01/09/2016,ANUAL,2015,,,,http://catalogo.datos.gob.mx/dataset/estadisticas-del-posicionamiento-general-en-la-mujer/resource/a20ff605-8d7f-46d5-b19c-2ec05d04893c
"PORCENTAJE DE PERSONAS USUARIAS DE UNA COMPUTADORA, POR SEXO Y EDAD",MÉXICO,5 IGUALDAD DE GÉNERO,,SECTOR PÚBLICO,INSTITUTO NACIONAL DE LAS MUJERES (INMUJERES),REGISTRO ADMINISTRATIVO,Registrar y presentar infromación relacionada con el porcentaje de personas que usaban computadora por sexo y edad,,,,Edades*Mujeres*Hombres*Total,Porcentaje de personas que usaban computadora por sexo y edad,NACIONAL,SI,CSV,http://catalogo.datos.gob.mx/dataset/uso-de-las-tecnologias-de-la-informacion-tic/resource/27105184-69fb-405e-a6d8-c9ebfe956ac5,01/09/2016,NO ESTABLECIDO,abr.-16,,,,http://catalogo.datos.gob.mx/dataset/uso-de-las-tecnologias-de-la-informacion-tic/resource/27105184-69fb-405e-a6d8-c9ebfe956ac5
"PORCENTAJE DE PERSONAS USUARIAS DE INTERNET, POR SEXO Y EDAD",MÉXICO,5 IGUALDAD DE GÉNERO,,SECTOR PÚBLICO,INSTITUTO NACIONAL DE LAS MUJERES (INMUJERES),REGISTRO ADMINISTRATIVO,Registrar y presentar información sobre el porcentaje de personas usuarias de internet por sexo y edad en méxico,,,,Edades*Mujeres*Hombres*Total,Porcentaje de personas usuarias de internet por sexo y edad en méxico,NACIONAL,SI,CSV,http://catalogo.datos.gob.mx/dataset/uso-de-las-tecnologias-de-la-informacion-tic/resource/a51a6e5a-d8ee-4b59-a7db-96ba80c685f4,01/09/2016,NO ESTABLECIDO,abr.-16,,,,http://catalogo.datos.gob.mx/dataset/uso-de-las-tecnologias-de-la-informacion-tic/resource/a51a6e5a-d8ee-4b59-a7db-96ba80c685f4
ESCAÑOS LOCALES,MÉXICO,5 IGUALDAD DE GÉNERO,,SECTOR PÚBLICO,INSTITUTO NACIONAL DE LAS MUJERES (INMUJERES),REGISTRO ADMINISTRATIVO,Presentar y registrar los escaños ocupados por mujeres y hombres en los congresos locales,,,,Estado*Fecha*Mujeres*Hombres,Escaños ocupados por mujeres y hombres en los congresos locales,ESTATAL,SI,CSV,http://catalogo.datos.gob.mx/dataset/estadisticas-de-mujeres/resource/faa09ada-a79e-438d-9638-b0e77f406245,02/09/2016,ANUAL,2014,,,,http://catalogo.datos.gob.mx/dataset/estadisticas-de-mujeres/resource/faa09ada-a79e-438d-9638-b0e77f406245
DIPUTADAS,MÉXICO,5 IGUALDAD DE GÉNERO,,SECTOR PÚBLICO,INSTITUTO NACIONAL DE LAS MUJERES (INMUJERES),REGISTRO ADMINISTRATIVO,Registrar el número de mujeres en la cámara de diputados,,,,Estado*Fecha*Mujeres*Hombres,Mujeres en la cámara de diputados,NACIONAL,SI,CSV,http://catalogo.datos.gob.mx/dataset/estadisticas-de-mujeres/resource/c0aaae7a-93f5-4684-84bf-74edcee2d83c,02/09/2016,ANUAL,2015,,,,http://catalogo.datos.gob.mx/dataset/estadisticas-de-mujeres/resource/c0aaae7a-93f5-4684-84bf-74edcee2d83c
BECAS AL EXTRANJERO,MÉXICO,4 EDUCACIÓN DE CALIDAD,,SECTOR PÚBLICO,CONSEJO NACIONAL DE CIENCIA Y TECNOLOGÍA (CONACYT),REGISTRO ADMINISTRATIVO,Registrar el número total de becas al extranjero,,,,Apellidos*Nombre*Área del conocimiento*Nivel*Institución*País*Género,Número total de becas al extranjero,,SI,ORACLE,http://datosabiertos.conacyt.gob.mx/publico/default.aspx,03/09/2016,NO ESTABLECIDO,2015,,,,http://datosabiertos.conacyt.gob.mx/publico/default.aspx
DESEMPEÑO POR ALUMNO EN LECTURA PRUEBA PISA,MÉXICO,4 EDUCACIÓN DE CALIDAD,,SECTOR PÚBLICO,INSTITUTO NACIONAL PARA LA EVALUACIÓN DE LA EDUCACIÓN (INEE),ENCUESTA POR MUESTREO,"Presentar la evaluación de las habilidades que los estudiantes necesitarán en su vida diaria. Su grupo objetivo es la población de 15 años que se encuentra en el momento de ingresar a la educación postsecundaria, o a punto de incorporarse a la vida laboral.",,,,,,,SI,SAV,http://www.inee.edu.mx/index.php/bases-de-datos/bases-de-datos-pisa/base-de-datos-pisa-2012,03/09/2016,TRIANUAL,2012,,,,http://www.inee.edu.mx/index.php/bases-de-datos/bases-de-datos-pisa/base-de-datos-pisa-2012
DESEMPEÑO POR ALUMNO EN MATEMÁTICAS PRUEBA PISA,MÉXICO,4 EDUCACIÓN DE CALIDAD,,SECTOR PÚBLICO,INSTITUTO NACIONAL PARA LA EVALUACIÓN DE LA EDUCACIÓN (INEE),ENCUESTA POR MUESTREO,"Presentar la evaluación de las habilidades que los estudiantes necesitarán en su vida diaria. Su grupo objetivo es la población de 15 años que se encuentra en el momento de ingresar a la educación postsecundaria, o a punto de incorporarse a la vida laboral.",,,,,,,SI,SAV,http://www.inee.edu.mx/index.php/bases-de-datos/bases-de-datos-pisa/base-de-datos-pisa-2012,03/09/2016,TRIANUAL,2012,,,,http://www.inee.edu.mx/index.php/bases-de-datos/bases-de-datos-pisa/base-de-datos-pisa-2012